{
    "train_loss": [
        0.8691484207071168,
        0.7865310499581802,
        0.7163371833671494,
        0.6408283919207612
    ],
    "val_loss": [
        0.8408777713775635,
        0.9367132782936096,
        0.9182613492012024,
        0.9164705276489258
    ],
    "test_loss": [
        0.8553574085235596,
        0.9646878242492676,
        1.1497529745101929,
        1.0635536909103394
    ]
}