{
    "train_loss": [
        0.7115501686654367,
        0.6209516996432588,
        0.5421872944634394,
        0.4919263111572478
    ],
    "val_loss": [
        0.6699440479278564,
        0.6854387521743774,
        0.7682810425758362,
        0.8104293942451477
    ],
    "test_loss": [
        0.7062272429466248,
        0.7237939834594727,
        0.8062162399291992,
        0.7714608311653137
    ]
}