{
    "train_loss": [
        0.7293734404227348,
        0.6487808766485882,
        0.5720384504061252,
        0.5238670371887268
    ],
    "val_loss": [
        0.6577303409576416,
        0.6922823190689087,
        0.743232011795044,
        0.8063008785247803
    ],
    "test_loss": [
        0.7320119738578796,
        0.7641448378562927,
        0.8161823153495789,
        0.8318905234336853
    ]
}