{
    "train_loss": [
        0.6187623164031687,
        0.4088874650879597,
        0.2869881519887331,
        0.24163959213484837
    ],
    "val_loss": [
        0.7839850783348083,
        0.8765084743499756,
        0.893093466758728,
        0.944452166557312
    ],
    "test_loss": [
        0.7700854539871216,
        0.8285928964614868,
        0.8257940411567688,
        0.8777816891670227
    ]
}