{
    "train_loss": [
        0.686074092370294,
        0.5138204395026899,
        0.4009575990776295,
        0.34989880150028235
    ],
    "val_loss": [
        0.7063359022140503,
        0.8020326495170593,
        0.8406683206558228,
        0.9010782241821289
    ],
    "test_loss": [
        0.779075026512146,
        0.91169273853302,
        0.9398157596588135,
        0.9937860369682312
    ]
}