{
    "train_loss": [
        0.6647432939092467,
        0.4671903820371211,
        0.35388278683993996,
        0.3097288561298904
    ],
    "val_loss": [
        0.7706454992294312,
        0.8593773245811462,
        0.8803583383560181,
        0.9240293502807617
    ],
    "test_loss": [
        0.8111754655838013,
        0.8803004026412964,
        0.8425114750862122,
        0.8799014687538147
    ]
}