{
    "train_loss": [
        0.46203146264201306,
        0.33050243937954177,
        0.25907945240205354,
        0.2256250391053071,
        0.20691420498666968,
        0.19709573858998913
    ],
    "val_loss": [
        0.4692991375923157,
        0.4857320785522461,
        0.4260788559913635,
        0.4292024075984955,
        0.4294276833534241,
        0.438582181930542
    ],
    "test_loss": [
        0.36116066575050354,
        0.3549095392227173,
        0.3051893413066864,
        0.31569963693618774,
        0.3182104527950287,
        0.317371129989624
    ]
}