{
    "train_loss": [
        0.7565546285421512,
        0.6813829089148661,
        0.5950112989853682,
        0.5190088987052812
    ],
    "val_loss": [
        0.7082532644271851,
        0.7313508987426758,
        0.7960548996925354,
        0.8366168737411499
    ],
    "test_loss": [
        0.7475960850715637,
        0.7665607333183289,
        0.7358781695365906,
        0.7716754674911499
    ]
}